{
  "project_info": {
    "project_number": "589444303259",
    "project_id": "mobileapp-investment",
    "storage_bucket": "mobileapp-investment.appspot.com"
  },
  "client": [
    {
      "client_info": {
        "mobilesdk_app_id": "1:589444303259:android:d3ac9bf1c4d039c88d393e",
        "android_client_info": {
          "package_name": "com.example.mobileapp"
        }
      },
      "oauth_client": [
        {
          "client_id": "589444303259-rj2tll0h0vaerh0c922up3d1u3otegil.apps.googleusercontent.com",
          "client_type": 3
        }
      ],
      "api_key": [
        {
          "current_key": "AIzaSyAkNrjlxmLuBJN4XR2cEKsnUFqFTK4dCSg"
        }
      ],
      "services": {
        "appinvite_service": {
          "other_platform_oauth_client": [
            {
              "client_id": "589444303259-rj2tll0h0vaerh0c922up3d1u3otegil.apps.googleusercontent.com",
              "client_type": 3
            }
          ]
        }
      }
    }
  ],
  "configuration_version": "1"
}